"Txhash","Blockno","UnixTimestamp","DateTime","From","To","ContractAddress","Value_IN(ETH)","Value_OUT(ETH)","CurrentValue @ $569.08/Eth","TxnFee(ETH)","TxnFee(USD)","Historical $Price/Eth","Status","ErrCode"
"0xb4daf88de5badddad104f40efb77ee10de9a595f301e4c6a92fe2bcc17895ed8","4759335","1513677202","12/19/2017 9:53:22 AM","0x6a5e633065475393211ab623286200910f465d02","","0x9195c0345c5c6b88e71e5d3693ca9f5c2ca3b335","0","0","0","0.02379153","13.5392838924","812.50","",""
"0x38b934b977eb499183f6f91cccad8ecfaa4f99acd8e5fc641d6108276cd45624","4759335","1513677202","12/19/2017 9:53:22 AM","0x6a5e633065475393211ab623286200910f465d02","0x9195c0345c5c6b88e71e5d3693ca9f5c2ca3b335","","0","0","0","0.00130467","0.7424616036","812.50","",""
"0xf992f64755cf919532d6be92014f2d7cbdb38314860106aa00161733e0f98b3d","4759338","1513677228","12/19/2017 9:53:48 AM","0x6a5e633065475393211ab623286200910f465d02","0x9195c0345c5c6b88e71e5d3693ca9f5c2ca3b335","","0","0","0","0.00223116","1.2697085328","812.50","",""
"0xb560f35d15a772d4aba03b8f9017bac1557bfacfe1abd5c36969121894d8b425","4759340","1513677262","12/19/2017 9:54:22 AM","0x6a5e633065475393211ab623286200910f465d02","0x9195c0345c5c6b88e71e5d3693ca9f5c2ca3b335","","0","0","0","0.00086649","0.4931021292","812.50","",""
"0xefd20b2270f5b9df97787fdfb8e88c88513bab68eb43e1c97fea6ec07736c8a1","4759622","1513681681","12/19/2017 11:08:01 AM","0xa94f999b3f76eb7b2ba7b17fc37e912fa2538a87","0x9195c0345c5c6b88e71e5d3693ca9f5c2ca3b335","","9.99","0","5685.1092","0.0029492","1.678330736","812.50","",""
"0x9772b2da17111b13fa30d3205b369133b64bcfd239f30d2f4d210c5a21a3c555","4759691","1513682614","12/19/2017 11:23:34 AM","0x6a5e633065475393211ab623286200910f465d02","0x9195c0345c5c6b88e71e5d3693ca9f5c2ca3b335","","0","0","0","0.0007562412","0.430361742096","812.50","",""
"0x16f8dba880019ebbad66e293fee6c7d542f332762492e762505893415ae0c98e","4759697","1513682742","12/19/2017 11:25:42 AM","0x6a5e633065475393211ab623286200910f465d02","0x9195c0345c5c6b88e71e5d3693ca9f5c2ca3b335","","0","0","0","0.0007562412","0.430361742096","812.50","",""
"0x38c59c4300f8b8287bf54b2bb429a33abb5109cc11aa2ef7e35cd2741bb841ba","4759744","1513683442","12/19/2017 11:37:22 AM","0xd45302eda0ec8e0d5707a2bfd55f41432377b54d","0x9195c0345c5c6b88e71e5d3693ca9f5c2ca3b335","","0","0","0","0.00120568","0.6861283744","812.50","",""
"0x2ae4fff9ae0acf6ff59c391bffa2c1d0fbc095f58cbf8e458d13af2bb81de9e0","4759744","1513683442","12/19/2017 11:37:22 AM","0xb424958766e736827be5a441ba2a54beef54fc7c","0x9195c0345c5c6b88e71e5d3693ca9f5c2ca3b335","","18.764","0","10678.21712","0.0029492","1.678330736","812.50","",""
"0x19375342f0a67cba8472cb8a083f92f3c4f54d24f25e4392e13cc6f58f95f367","4759763","1513683721","12/19/2017 11:42:01 AM","0xce2cea425f7635557cfc00e18bc338dde5b16c9a","0x9195c0345c5c6b88e71e5d3693ca9f5c2ca3b335","","101.308","0","57652.35664","0.0029492","1.678330736","812.50","",""
"0xe95801dcce39f09da4cdf7f410f95303baedec4026e4dff575b52af05a364e04","4759771","1513683842","12/19/2017 11:44:02 AM","0xf5df9c2aae5118b64cda30ebb8d85ebe65a03990","0x9195c0345c5c6b88e71e5d3693ca9f5c2ca3b335","","34.697","0","19745.36876","0.0029492","1.678330736","812.50","",""
"0x5d1d21f2c410dd74e0bba5dd1101b572c1c0782d39dba0fc37a059bb10366d5e","4759774","1513683933","12/19/2017 11:45:33 AM","0x12b687e19cef53b2a709e9b98c4d1973850ca53f","0x9195c0345c5c6b88e71e5d3693ca9f5c2ca3b335","","68.227","0","38826.62116","0.0029492","1.678330736","812.50","",""
"0x860e8a78fa4a9c4a1b00bdd05d00e409bedb1b02bc28866e8a7041b676ecbce4","4759777","1513683965","12/19/2017 11:46:05 AM","0x952ad1a2891506ac442d95da4c0f1ae70a27b677","0x9195c0345c5c6b88e71e5d3693ca9f5c2ca3b335","","96.397","0","54857.60476","0.0029492","1.678330736","812.50","",""
"0xbc9f90cf873bd4b34a9303b5653d14f127a61624c2e88ca2a004d9603c66d453","4759783","1513684046","12/19/2017 11:47:26 AM","0x1cf5daab09155aac1716aa92937ec1c6d45720c7","0x9195c0345c5c6b88e71e5d3693ca9f5c2ca3b335","","3.797","0","2160.79676","0.0029492","1.678330736","812.50","",""
"0xcaa00db5ddc070cd05b2c9f3599748255ec45e086ded0cc4ef56a1f01c2879f0","4759787","1513684109","12/19/2017 11:48:29 AM","0x32faadfdc7938e7fbc7386ccf546c5fc382ed094","0x9195c0345c5c6b88e71e5d3693ca9f5c2ca3b335","","84.797","0","48256.27676","0.0029492","1.678330736","812.50","",""
"0xecb1616d46466970710182f8fa047c21a3a37ddca44c491c51abd6be216116fb","4759787","1513684109","12/19/2017 11:48:29 AM","0xd0bef2fb95193f429f0075e442938f5d829a33c8","0x9195c0345c5c6b88e71e5d3693ca9f5c2ca3b335","","214.797","0","122236.67676","0.0029492","1.678330736","812.50","",""
"0x46219625e1780a0c02cda3cdb4de88e8ee146299e71ef7c5fb480a62d41e7b9b","4759791","1513684197","12/19/2017 11:49:57 AM","0xc4ea6c0e9d95d957e75d1eb1fbe15694cd98336c","0x9195c0345c5c6b88e71e5d3693ca9f5c2ca3b335","","78.797","0","44841.79676","0.0029492","1.678330736","812.50","",""
"0x69cfcd43f326cc5e4fcf3fc44a099bf5ae44fa5c50bf7d89520fc63b33f165bf","4759794","1513684253","12/19/2017 11:50:53 AM","0xf3c25ee648031b28adebdd30c91056c2c5cd9c6b","0x9195c0345c5c6b88e71e5d3693ca9f5c2ca3b335","","127.197","0","72385.26876","0.0029492","1.678330736","812.50","",""
"0x762dcefc9f5c297b6d9b4f2b2b7c9f8723796010f8a426e81af36efe133eb1a7","4759794","1513684253","12/19/2017 11:50:53 AM","0xd65b9b98ca08024c3c19868d42c88a3e47d67120","0x9195c0345c5c6b88e71e5d3693ca9f5c2ca3b335","","24.897","0","14168.38476","0.0029492","1.678330736","812.50","",""
"0xfa61a326addffc973bad6022eefdd0b79385d6eaa6e478e279e27d523250c0af","4759797","1513684308","12/19/2017 11:51:48 AM","0x9fc87c3d44a6374d48b2786c46204f673b0ae236","0x9195c0345c5c6b88e71e5d3693ca9f5c2ca3b335","","27.197","0","15477.26876","0.0029492","1.678330736","812.50","",""
"0x9940fdc81b44ccc54d45baecb0e88ccbb94601bac6b2ac8ad63d5a6715a6a420","4759799","1513684338","12/19/2017 11:52:18 AM","0xcd6d5b09a34562a1ed7857b19b32bed77417655b","0x9195c0345c5c6b88e71e5d3693ca9f5c2ca3b335","","1.597","0","908.82076","0.0029492","1.678330736","812.50","",""
"0x8bfe768cd8c1afbf2d19264f111c93a41398d2d2fa6c59d1de4849ba78a92f85","4759800","1513684358","12/19/2017 11:52:38 AM","0x1a2392fb72255eae19bb626678125a506a93e363","0x9195c0345c5c6b88e71e5d3693ca9f5c2ca3b335","","59.397","0","33801.64476","0.0029492","1.678330736","812.50","",""
"0x00e88e12e8087fde5eadc7a860794a0f3fb331d3fa368c4ac452300848a79517","4759801","1513684377","12/19/2017 11:52:57 AM","0x50f73ac8435e4e500e37fab8802bcb840bf4b8b8","0x9195c0345c5c6b88e71e5d3693ca9f5c2ca3b335","","91.247","0","51926.84276","0.0029492","1.678330736","812.50","",""
"0x1f11c4c6e89b1b3c4ac031c960e56059c61c519ef1d22b2811ee5fb54b18c926","4759805","1513684401","12/19/2017 11:53:21 AM","0x5d8ace48970dce4bcd7f985edb24f5459ef184ec","0x9195c0345c5c6b88e71e5d3693ca9f5c2ca3b335","","2.397","0","1364.08476","0.0029492","1.678330736","812.50","",""
"0xd3a6f562ad76f7195e4dc21cee3c04a070bfc19228d851be932dc1106b5cefde","4759810","1513684458","12/19/2017 11:54:18 AM","0x42c73b8945a82041b06428359a94403a2e882406","0x9195c0345c5c6b88e71e5d3693ca9f5c2ca3b335","","12.577","0","7157.31916","0.0029492","1.678330736","812.50","",""
"0x7ec17d8afe4c9d1122cddfc8b2e5a9911a57beb979bed57a3a78226576391fdf","4759814","1513684490","12/19/2017 11:54:50 AM","0x3a978a9cc36f1fe5aab6d31e41c08d8380ad0acb","0x9195c0345c5c6b88e71e5d3693ca9f5c2ca3b335","","0.527","0","299.90516","0.0029492","1.678330736","812.50","",""
"0x1b7d4dc1c779857f7c7bc1d6f59897a5105f8bf20005e9898bacca2558c86aea","4759817","1513684532","12/19/2017 11:55:32 AM","0xb97d3d579d35a479c20d28988a459e3f35692b05","0x9195c0345c5c6b88e71e5d3693ca9f5c2ca3b335","","0.117","0","66.58236","0.0029492","1.678330736","812.50","",""
"0xe3ac81878480a0980d5470761c09e59ca6282bb8bddad2a0b691a638d3ffb32c","4759818","1513684540","12/19/2017 11:55:40 AM","0xa4c9595b90bba7b4d805e555e477200c61711f3a","0x9195c0345c5c6b88e71e5d3693ca9f5c2ca3b335","","6.337","0","3606.25996","0.0029492","1.678330736","812.50","",""
"0xc75c47a382a21b13812ee85734ea3bb9f2c51ed1366175aad12cb2256f35dac2","4759819","1513684565","12/19/2017 11:56:05 AM","0xbd46d909d55d760e2f79c5838c5c42e45c0a853a","0x9195c0345c5c6b88e71e5d3693ca9f5c2ca3b335","","7.237","0","4118.43196","0.0029492","1.678330736","812.50","",""
"0x39e01340500695817596f24c8042816b59e94e9c5f5cce65c2569a6ebc990f0e","4759820","1513684600","12/19/2017 11:56:40 AM","0x5ee1fc4d251143da96db2a5cd61507f2203bf7b7","0x9195c0345c5c6b88e71e5d3693ca9f5c2ca3b335","","77.397","0","44045.08476","0.0029492","1.678330736","812.50","",""
"0x529a4bb26a73f2408fc763f20e3f7a918ac00a394d85abf6ac80af39a1611374","4759821","1513684617","12/19/2017 11:56:57 AM","0xb93b8ced7cd86a667e12104831b4d514365f9df8","0x9195c0345c5c6b88e71e5d3693ca9f5c2ca3b335","","0.051639859499839216","0","29.3872112441685","0.0029492","1.678330736","812.50","",""
"0xab0d637b4ff00056e6fa0a2a5b03fcc2c1e067cbe8f930ac43bf7a1c48bc989b","4759822","1513684634","12/19/2017 11:57:14 AM","0x65aa068590216cb088f4da28190d8815c31ab330","0x9195c0345c5c6b88e71e5d3693ca9f5c2ca3b335","","15.457","0","8796.26956","0.0029492","1.678330736","812.50","",""
"0xaa1fc8f4ded1a086de8c05cbedf16e8e57f153e9b10245c80537b13b0674d8d9","4759829","1513684727","12/19/2017 11:58:47 AM","0x8671b362902c3839ae9b4bc099fd24cdefa026f4","0x9195c0345c5c6b88e71e5d3693ca9f5c2ca3b335","","20.997","0","11948.97276","0.0029492","1.678330736","812.50","",""
"0x32090f2c8c1c3bc8f1d9505b055839624c5963a4fb3b5a68c68615b076d3363b","4759829","1513684727","12/19/2017 11:58:47 AM","0x65ad745047633c3402d4bc5382f72ea3a9ecfe47","0x9195c0345c5c6b88e71e5d3693ca9f5c2ca3b335","","4.997","0","2843.69276","0.0029492","1.678330736","812.50","",""
"0xf76ac89f602e4bf9927691a8e7fae700c6241b89e4508ab9ea45a02cf82a00c1","4759830","1513684818","12/19/2017 12:00:18 PM","0xb93b8ced7cd86a667e12104831b4d514365f9df8","0x9195c0345c5c6b88e71e5d3693ca9f5c2ca3b335","","0.0043016","0","2.447954528","0.0023492","1.336882736","812.50","",""
"0x9991bf4c169d27db0a6040ac76f32c69fda8d25b2bd7447fec553431b57d7369","4759830","1513684818","12/19/2017 12:00:18 PM","0x2046838d148196a5117c4026e21c165785bd3982","0x9195c0345c5c6b88e71e5d3693ca9f5c2ca3b335","","5.667","0","3224.97636","0.0029492","1.678330736","812.50","",""
"0x3b734ebeaa67392c7c5814989c805c7e989f872d9f9cebb77d3f70871dd1b806","4759830","1513684818","12/19/2017 12:00:18 PM","0xdd9d289d4699fda518cf91eafa029710e3cbb7aa","0x9195c0345c5c6b88e71e5d3693ca9f5c2ca3b335","","3.197","0","1819.34876","0.0029492","1.678330736","812.50","",""
"0xcfab11548e273dc66ecae121969d3befd5ceadf1833d1811055ac268ed9ed027","4759830","1513684818","12/19/2017 12:00:18 PM","0x458e1f1050c34f5d125437fcea0df0aa9212eda2","0x9195c0345c5c6b88e71e5d3693ca9f5c2ca3b335","","40","0","22763.2","0.00294732","1.6772608656","812.50","",""
"0x57576dfc0190e3bc1e4765727b359c09d3fb9082e96ca5a4f1b9b9402ad4fecd","4759830","1513684818","12/19/2017 12:00:18 PM","0xd00d4e40daff894961cf10458fd283c58e12cf4f","0x9195c0345c5c6b88e71e5d3693ca9f5c2ca3b335","","6.127","0","3486.75316","0.0008602","0.489522616","812.50","",""
"0x9530f9e64431083b201ea6cebe979ba9d5f47e5afed41eecbf12db002caee609","4759882","1513685458","12/19/2017 12:10:58 PM","0xd45302eda0ec8e0d5707a2bfd55f41432377b54d","0x9195c0345c5c6b88e71e5d3693ca9f5c2ca3b335","","0","0","0","0.00121336","0.6904989088","812.50","",""
"0x06f7fe35cdb0da44073eb8bdedef0a4f29ef4d7857ad435bbfcd0668b8435c51","4761493","1513710558","12/19/2017 7:09:18 PM","0x426043334762056a853e8cfd8231e72e27af5cb7","0x9195c0345c5c6b88e71e5d3693ca9f5c2ca3b335","","0.007583508","0","4.31562273264","0.000441","0.25096428","812.50","Error(0)","Out of gas"
